NUTS1;DISTRICT_CODE;POP_TOTAL;POP_MALE;POP_FEMALE;BIRTH_FEMALE;BIRTH_MALE;BIRTH_SUM;DEATH_FEMALE;DEATH_MALE;DEATH_SUM;AREA;DENSITY_OF_POPULATION;DISTRICT_BLAZON;REF_YEAR;REF_DATE
Geocode;Bezirkscode;Einwohneranzahl - Gesamt;Einwohneranzahl - Männer;Einwohneranzahl - Frauen;Geburtenrate Weiblich;Geburtenrate - Männlich;Geburtenrate - Gesamt;Sterberate - Weiblich;Sterberate - Männlich;Sterberate - Gesamt;Fläche;Bevölkerungsdichte;Wappen;Jahr;Datum
AT1;90100;17630;8316;9314;58;72;130;89;106;195;2,87;6142,86;DISTRICT_BLAZON_1.png;2002;20020101
AT1;90200;89016;43170;45846;490;491;981;430;516;946;19,24;4626,61;DISTRICT_BLAZON_2.png;2002;20020101
AT1;90300;82227;38743;43484;370;391;761;375;510;885;7,4;11111,76;DISTRICT_BLAZON_3.png;2002;20020101
AT1;90400;28975;13378;15597;135;124;259;141;207;348;1,78;16278,09;DISTRICT_BLAZON_4.png;2002;20020101
AT1;90500;49785;23821;25964;268;289;557;231;325;556;2,01;24768,66;DISTRICT_BLAZON_5.png;2002;20020101
AT1;90600;28525;13551;14974;141;143;284;105;199;304;1,46;19537,67;DISTRICT_BLAZON_6.png;2002;20020101
AT1;90700;28912;13698;15214;157;148;305;91;185;276;1,61;17957,76;DISTRICT_BLAZON_7.png;2002;20020101
AT1;90800;22219;10390;11829;102;108;210;97;114;211;1,09;20384,4;DISTRICT_BLAZON_8.png;2002;20020101
AT1;90900;38290;17913;20377;169;197;366;164;249;413;2,97;12892,26;DISTRICT_BLAZON_9.png;2002;20020101
AT1;91000;152796;73103;79693;839;793;1632;752;930;1682;31,82;4801,89;DISTRICT_BLAZON_10.png;2002;20020101
AT1;91100;78785;38151;40634;473;482;955;357;355;712;23,26;3387,15;DISTRICT_BLAZON_11.png;2002;20020101
AT1;91200;78971;37114;41857;424;417;841;391;532;923;8,1;9749,51;DISTRICT_BLAZON_12.png;2002;20020101
AT1;91300;50341;22388;27953;205;227;432;292;549;841;37,72;1334,6;DISTRICT_BLAZON_13.png;2002;20020101
AT1;91400;79142;36766;42376;429;369;798;355;626;981;33,76;2344,25;DISTRICT_BLAZON_14.png;2002;20020101
AT1;91500;67482;33026;34456;398;381;779;271;374;645;3,92;17214,8;DISTRICT_BLAZON_15.png;2002;20020101
AT1;91600;87914;42080;45834;542;487;1029;441;476;917;8,67;10140,02;DISTRICT_BLAZON_16.png;2002;20020101
AT1;91700;48827;23166;25661;253;263;516;204;296;500;11,39;4286,83;DISTRICT_BLAZON_17.png;2002;20020101
AT1;91800;45505;20732;24773;237;226;463;205;369;574;6,35;7166,14;DISTRICT_BLAZON_18.png;2002;20020101
AT1;91900;65327;29329;35998;281;322;603;378;568;946;24,94;2619,37;DISTRICT_BLAZON_19.png;2002;20020101
AT1;92000;76837;37437;39400;446;481;927;367;436;803;5,71;13456,57;DISTRICT_BLAZON_20.png;2002;20020101
AT1;92100;129726;61444;68282;659;606;1265;566;658;1224;44,44;2919,13;DISTRICT_BLAZON_21.png;2002;20020101
AT1;92200;138100;65973;72127;819;717;1536;547;598;1145;102,3;1349,95;DISTRICT_BLAZON_22.png;2002;20020101
AT1;92300;85791;40048;45743;416;383;799;364;525;889;32,07;2675,12;DISTRICT_BLAZON_23.png;2002;20020101
AT1;90100;17541;8270;9271;84;84;168;92;125;217;2,87;6111,85;DISTRICT_BLAZON_1.png;2003;20030101
AT1;90200;89954;43717;46237;512;490;1002;394;513;907;19,24;4675,36;DISTRICT_BLAZON_2.png;2003;20030101
AT1;90300;82297;38896;43401;426;380;806;395;516;911;7,4;11121,22;DISTRICT_BLAZON_3.png;2003;20030101
AT1;90400;29348;13622;15726;155;139;294;118;218;336;1,78;16487,64;DISTRICT_BLAZON_4.png;2003;20030101
AT1;90500;50367;24169;26198;307;269;576;214;252;466;2,01;25058,21;DISTRICT_BLAZON_5.png;2003;20030101
AT1;90600;28805;13763;15042;154;142;296;116;189;305;1,46;19729,45;DISTRICT_BLAZON_6.png;2003;20030101
AT1;90700;28968;13738;15230;157;116;273;107;156;263;1,61;17992,55;DISTRICT_BLAZON_7.png;2003;20030101
AT1;90800;23156;11102;12054;104;93;197;87;118;205;1,09;21244,04;DISTRICT_BLAZON_8.png;2003;20030101
AT1;90900;38304;17974;20330;224;195;419;167;245;412;2,97;12896,97;DISTRICT_BLAZON_9.png;2003;20030101
AT1;91000;156349;75247;81102;857;785;1642;776;887;1663;31,82;4913,54;DISTRICT_BLAZON_10.png;2003;20030101
AT1;91100;80485;38941;41544;506;427;933;338;355;693;23,26;3460,23;DISTRICT_BLAZON_11.png;2003;20030101
AT1;91200;80270;37863;42407;438;420;858;393;560;953;8,1;9909,88;DISTRICT_BLAZON_12.png;2003;20030101
AT1;91300;50797;22706;28091;205;217;422;344;519;863;37,72;1346,69;DISTRICT_BLAZON_13.png;2003;20030101
AT1;91400;80185;37550;42635;394;360;754;420;593;1013;33,76;2375,15;DISTRICT_BLAZON_14.png;2003;20030101
AT1;91500;67976;33260;34716;440;401;841;308;423;731;3,92;17340,82;DISTRICT_BLAZON_15.png;2003;20030101
AT1;91600;89153;42785;46368;520;503;1023;423;526;949;8,67;10282,93;DISTRICT_BLAZON_16.png;2003;20030101
AT1;91700;49428;23555;25873;275;238;513;213;260;473;11,39;4339,6;DISTRICT_BLAZON_17.png;2003;20030101
AT1;91800;45872;20961;24911;258;239;497;211;390;601;6,35;7223,94;DISTRICT_BLAZON_18.png;2003;20030101
AT1;91900;66017;29593;36424;301;268;569;343;534;877;24,94;2647,03;DISTRICT_BLAZON_19.png;2003;20030101
AT1;92000;78792;38595;40197;507;478;985;383;455;838;5,71;13798,95;DISTRICT_BLAZON_20.png;2003;20030101
AT1;92100;131892;62583;69309;626;616;1242;585;727;1312;44,44;2967,87;DISTRICT_BLAZON_21.png;2003;20030101
AT1;92200;140404;67124;73280;766;665;1431;571;576;1147;102,3;1372,47;DISTRICT_BLAZON_22.png;2003;20030101
AT1;92300;86486;40401;46085;393;352;745;346;499;845;32,07;2696,79;DISTRICT_BLAZON_23.png;2003;20030101
AT1;90100;17384;8241;9143;72;73;145;103;107;210;2,87;6057,14;DISTRICT_BLAZON_1.png;2004;20040101
AT1;90200;90837;44158;46679;491;471;962;364;482;846;19,24;4721,26;DISTRICT_BLAZON_2.png;2004;20040101
AT1;90300;83019;39327;43692;428;414;842;366;473;839;7,4;11218,78;DISTRICT_BLAZON_3.png;2004;20040101
AT1;90400;29394;13630;15764;146;155;301;107;197;304;1,78;16513,48;DISTRICT_BLAZON_4.png;2004;20040101
AT1;90500;51098;24664;26434;300;283;583;204;281;485;2,01;25421,89;DISTRICT_BLAZON_5.png;2004;20040101
AT1;90600;28891;13783;15108;129;139;268;115;155;270;1,46;19788,36;DISTRICT_BLAZON_6.png;2004;20040101
AT1;90700;29012;13771;15241;150;149;299;90;149;239;1,61;18019,88;DISTRICT_BLAZON_7.png;2004;20040101
AT1;90800;23309;11204;12105;118;99;217;75;106;181;1,09;21384,4;DISTRICT_BLAZON_8.png;2004;20040101
AT1;90900;38865;18364;20501;194;179;373;169;203;372;2,97;13085,86;DISTRICT_BLAZON_9.png;2004;20040101
AT1;91000;159105;76489;82616;928;793;1721;786;860;1646;31,82;5000,16;DISTRICT_BLAZON_10.png;2004;20040101
AT1;91100;81369;39484;41885;496;507;1003;341;320;661;23,26;3498,24;DISTRICT_BLAZON_11.png;2004;20040101
AT1;91200;82178;38962;43216;493;425;918;387;466;853;8,1;10145,43;DISTRICT_BLAZON_12.png;2004;20040101
AT1;91300;50896;22736;28160;211;199;410;343;503;846;37,72;1349,31;DISTRICT_BLAZON_13.png;2004;20040101
AT1;91400;80505;37650;42855;419;391;810;374;542;916;33,76;2384,63;DISTRICT_BLAZON_14.png;2004;20040101
AT1;91500;68760;33730;35030;426;392;818;256;349;605;3,92;17540,82;DISTRICT_BLAZON_15.png;2004;20040101
AT1;91600;89822;43167;46655;543;528;1071;408;461;869;8,67;10360,09;DISTRICT_BLAZON_16.png;2004;20040101
AT1;91700;50278;23976;26302;289;253;542;230;255;485;11,39;4414,22;DISTRICT_BLAZON_17.png;2004;20040101
AT1;91800;46309;21286;25023;285;266;551;193;330;523;6,35;7292,76;DISTRICT_BLAZON_18.png;2004;20040101
AT1;91900;66437;29828;36609;307;268;575;348;548;896;24,94;2663,87;DISTRICT_BLAZON_19.png;2004;20040101
AT1;92000;79441;38816;40625;531;487;1018;356;414;770;5,71;13912,61;DISTRICT_BLAZON_20.png;2004;20040101
AT1;92100;133801;63746;70055;652;614;1266;612;654;1266;44,44;3010,82;DISTRICT_BLAZON_21.png;2004;20040101
AT1;92200;142620;68197;74423;749;695;1444;487;547;1034;102,3;1394,13;DISTRICT_BLAZON_22.png;2004;20040101
AT1;92300;87080;40706;46374;383;336;719;396;471;867;32,07;2715,31;DISTRICT_BLAZON_23.png;2004;20040101
AT1;90100;17294;8197;9097;55;72;127;103;105;208;2,87;6025,78;DISTRICT_BLAZON_1.png;2005;20050101
AT1;90200;91364;44498;46866;487;501;988;366;530;896;19,24;4748,65;DISTRICT_BLAZON_2.png;2005;20050101
AT1;90300;83827;39843;43984;431;389;820;341;447;788;7,4;11327,97;DISTRICT_BLAZON_3.png;2005;20050101
AT1;90400;29573;13782;15791;136;148;284;130;196;326;1,78;16614,04;DISTRICT_BLAZON_4.png;2005;20050101
AT1;90500;51882;25144;26738;290;313;603;211;254;465;2,01;25811,94;DISTRICT_BLAZON_5.png;2005;20050101
AT1;90600;29012;13879;15133;125;140;265;123;171;294;1,46;19871,23;DISTRICT_BLAZON_6.png;2005;20050101
AT1;90700;29161;13894;15267;134;146;280;112;140;252;1,61;18112,42;DISTRICT_BLAZON_7.png;2005;20050101
AT1;90800;23588;11347;12241;117;110;227;83;119;202;1,09;21640,37;DISTRICT_BLAZON_8.png;2005;20050101
AT1;90900;39472;18778;20694;192;188;380;162;202;364;2,97;13290,24;DISTRICT_BLAZON_9.png;2005;20050101
AT1;91000;163695;78896;84799;866;839;1705;760;873;1633;31,82;5144,41;DISTRICT_BLAZON_10.png;2005;20050101
AT1;91100;82429;40024;42405;455;486;941;338;316;654;23,26;3543,81;DISTRICT_BLAZON_11.png;2005;20050101
AT1;91200;83372;39675;43697;508;440;948;393;504;897;8,1;10292,84;DISTRICT_BLAZON_12.png;2005;20050101
AT1;91300;51316;22943;28373;215;197;412;306;539;845;37,72;1360,45;DISTRICT_BLAZON_13.png;2005;20050101
AT1;91400;81785;38299;43486;397;393;790;391;571;962;33,76;2422,54;DISTRICT_BLAZON_14.png;2005;20050101
AT1;91500;69467;34114;35353;425;384;809;256;358;614;3,92;17721,17;DISTRICT_BLAZON_15.png;2005;20050101
AT1;91600;91997;44514;47483;571;518;1089;391;438;829;8,67;10610,96;DISTRICT_BLAZON_16.png;2005;20050101
AT1;91700;51316;24711;26605;285;305;590;214;233;447;11,39;4505,36;DISTRICT_BLAZON_17.png;2005;20050101
AT1;91800;46921;21618;25303;242;219;461;194;334;528;6,35;7389,13;DISTRICT_BLAZON_18.png;2005;20050101
AT1;91900;66900;30079;36821;310;252;562;380;550;930;24,94;2682,44;DISTRICT_BLAZON_19.png;2005;20050101
AT1;92000;80758;39554;41204;537;446;983;331;385;716;5,71;14143,26;DISTRICT_BLAZON_20.png;2005;20050101
AT1;92100;134904;64256;70648;658;621;1279;591;654;1245;44,44;3035,64;DISTRICT_BLAZON_21.png;2005;20050101
AT1;92200;144820;69300;75520;759;704;1463;568;552;1120;102,3;1415,64;DISTRICT_BLAZON_22.png;2005;20050101
AT1;92300;87716;40981;46735;353;381;734;356;456;812;32,07;2735,14;DISTRICT_BLAZON_23.png;2005;20050101
AT1;90100;17285;8250;9035;84;65;149;97;113;210;2,87;6022,65;DISTRICT_BLAZON_1.png;2006;20060101
AT1;90200;92170;44965;47205;521;516;1037;389;472;861;19,24;4790,54;DISTRICT_BLAZON_2.png;2006;20060101
AT1;90300;84208;40129;44079;409;414;823;360;437;797;7,4;11379,46;DISTRICT_BLAZON_3.png;2006;20060101
AT1;90400;30126;14097;16029;145;149;294;124;167;291;1,78;16924,72;DISTRICT_BLAZON_4.png;2006;20060101
AT1;90500;52534;25523;27011;277;264;541;218;269;487;2,01;26136,32;DISTRICT_BLAZON_5.png;2006;20060101
AT1;90600;29369;14084;15285;147;113;260;103;146;249;1,46;20115,75;DISTRICT_BLAZON_6.png;2006;20060101
AT1;90700;30416;14798;15618;174;164;338;116;159;275;1,61;18891,93;DISTRICT_BLAZON_7.png;2006;20060101
AT1;90800;23597;11347;12250;109;97;206;75;99;174;1,09;21648,62;DISTRICT_BLAZON_8.png;2006;20060101
AT1;90900;39264;18656;20608;200;188;388;139;224;363;2,97;13220,2;DISTRICT_BLAZON_9.png;2006;20060101
AT1;91000;167238;80801;86437;962;903;1865;738;810;1548;31,82;5255,75;DISTRICT_BLAZON_10.png;2006;20060101
AT1;91100;82722;40126;42596;445;430;875;302;341;643;23,26;3556,41;DISTRICT_BLAZON_11.png;2006;20060101
AT1;91200;84240;40203;44037;499;469;968;366;476;842;8,1;10400;DISTRICT_BLAZON_12.png;2006;20060101
AT1;91300;51356;23027;28329;239;248;487;318;522;840;37,72;1361,51;DISTRICT_BLAZON_13.png;2006;20060101
AT1;91400;82829;38767;44062;432;412;844;403;581;984;33,76;2453,47;DISTRICT_BLAZON_14.png;2006;20060101
AT1;91500;70235;34527;35708;411;383;794;230;293;523;3,92;17917,09;DISTRICT_BLAZON_15.png;2006;20060101
AT1;91600;93817;45403;48414;526;569;1095;385;510;895;8,67;10820,88;DISTRICT_BLAZON_16.png;2006;20060101
AT1;91700;52480;25329;27151;306;271;577;232;256;488;11,39;4607,55;DISTRICT_BLAZON_17.png;2006;20060101
AT1;91800;47291;21867;25424;249;244;493;207;301;508;6,35;7447,4;DISTRICT_BLAZON_18.png;2006;20060101
AT1;91900;67389;30411;36978;296;282;578;344;560;904;24,94;2702,04;DISTRICT_BLAZON_19.png;2006;20060101
AT1;92000;81288;39818;41470;530;494;1024;360;353;713;5,71;14236,08;DISTRICT_BLAZON_20.png;2006;20060101
AT1;92100;136625;65110;71515;644;589;1233;598;640;1238;44,44;3074,37;DISTRICT_BLAZON_21.png;2006;20060101
AT1;92200;146892;70336;76556;726;739;1465;538;556;1094;102,3;1435,89;DISTRICT_BLAZON_22.png;2006;20060101
AT1;92300;89078;41554;47524;385;393;778;382;487;869;32,07;2777,61;DISTRICT_BLAZON_23.png;2006;20060101
AT1;90100;17147;8200;8947;53;64;117;69;103;172;2,87;5974,56;DISTRICT_BLAZON_1.png;2007;20070101
AT1;90200;93313;45813;47500;511;506;1017;371;459;830;19,24;4849,95;DISTRICT_BLAZON_2.png;2007;20070101
AT1;90300;83919;39827;44092;406;447;853;350;466;816;7,4;11340,41;DISTRICT_BLAZON_3.png;2007;20070101
AT1;90400;30189;14088;16101;140;128;268;129;193;322;1,78;16960,11;DISTRICT_BLAZON_4.png;2007;20070101
AT1;90500;52286;25440;26846;296;291;587;201;264;465;2,01;26012,94;DISTRICT_BLAZON_5.png;2007;20070101
AT1;90600;29463;14135;15328;133;137;270;95;139;234;1,46;20180,14;DISTRICT_BLAZON_6.png;2007;20070101
AT1;90700;29955;14232;15723;144;158;302;90;146;236;1,61;18605,59;DISTRICT_BLAZON_7.png;2007;20070101
AT1;90800;23613;11390;12223;115;134;249;78;110;188;1,09;21663,3;DISTRICT_BLAZON_8.png;2007;20070101
AT1;90900;39160;18589;20571;174;186;360;135;195;330;2,97;13185,19;DISTRICT_BLAZON_9.png;2007;20070101
AT1;91000;169413;81852;87561;971;922;1893;790;892;1682;31,82;5324,1;DISTRICT_BLAZON_10.png;2007;20070101
AT1;91100;82903;40286;42617;474;428;902;366;391;757;23,26;3564,19;DISTRICT_BLAZON_11.png;2007;20070101
AT1;91200;85011;40668;44343;487;441;928;382;468;850;8,1;10495,19;DISTRICT_BLAZON_12.png;2007;20070101
AT1;91300;51304;22949;28355;217;205;422;315;485;800;37,72;1360,13;DISTRICT_BLAZON_13.png;2007;20070101
AT1;91400;83246;39064;44182;453;382;835;367;519;886;33,76;2465,82;DISTRICT_BLAZON_14.png;2007;20070101
AT1;91500;70228;34551;35677;403;356;759;245;334;579;3,92;17915,31;DISTRICT_BLAZON_15.png;2007;20070101
AT1;91600;93877;45340;48537;545;499;1044;392;474;866;8,67;10827,8;DISTRICT_BLAZON_16.png;2007;20070101
AT1;91700;52626;25416;27210;287;293;580;201;268;469;11,39;4620,37;DISTRICT_BLAZON_17.png;2007;20070101
AT1;91800;47333;21905;25428;248;252;500;162;269;431;6,35;7454,02;DISTRICT_BLAZON_18.png;2007;20070101
AT1;91900;67832;30675;37157;298;297;595;380;522;902;24,94;2719,81;DISTRICT_BLAZON_19.png;2007;20070101
AT1;92000;81719;39960;41759;544;453;997;327;381;708;5,71;14311,56;DISTRICT_BLAZON_20.png;2007;20070101
AT1;92100;137335;65585;71750;628;592;1220;638;642;1280;44,44;3090,35;DISTRICT_BLAZON_21.png;2007;20070101
AT1;92200;149083;71284;77799;720;718;1438;502;629;1131;102,3;1457,31;DISTRICT_BLAZON_22.png;2007;20070101
AT1;92300;90291;42150;48141;367;382;749;379;512;891;32,07;2815,43;DISTRICT_BLAZON_23.png;2007;20070101
AT1;90100;16976;8133;8843;60;66;126;79;93;172;2,87;5914,98;DISTRICT_BLAZON_1.png;2008;20080101
AT1;90200;93463;45974;47489;544;482;1026;395;472;867;19,24;4857,74;DISTRICT_BLAZON_2.png;2008;20080101
AT1;90300;83050;39291;43759;452;399;851;324;413;737;7,4;11222,97;DISTRICT_BLAZON_3.png;2008;20080101
AT1;90400;30262;14154;16108;163;142;305;114;180;294;1,78;17001,12;DISTRICT_BLAZON_4.png;2008;20080101
AT1;90500;52434;25409;27025;287;278;565;212;246;458;2,01;26086,57;DISTRICT_BLAZON_5.png;2008;20080101
AT1;90600;29430;14118;15312;138;119;257;111;142;253;1,46;20157,53;DISTRICT_BLAZON_6.png;2008;20080101
AT1;90700;30054;14176;15878;143;147;290;83;157;240;1,61;18667,08;DISTRICT_BLAZON_7.png;2008;20080101
AT1;90800;23703;11409;12294;108;114;222;85;96;181;1,09;21745,87;DISTRICT_BLAZON_8.png;2008;20080101
AT1;90900;39466;18674;20792;201;201;402;116;187;303;2,97;13288,22;DISTRICT_BLAZON_9.png;2008;20080101
AT1;91000;171113;82621;88492;965;934;1899;789;999;1788;31,82;5377,53;DISTRICT_BLAZON_10.png;2008;20080101
AT1;91100;85834;41785;44049;553;469;1022;349;345;694;23,26;3690,2;DISTRICT_BLAZON_11.png;2008;20080101
AT1;91200;85736;41045;44691;479;500;979;362;473;835;8,1;10584,69;DISTRICT_BLAZON_12.png;2008;20080101
AT1;91300;51127;22911;28216;222;189;411;318;507;825;37,72;1355,43;DISTRICT_BLAZON_13.png;2008;20080101
AT1;91400;83751;39417;44334;405;372;777;366;505;871;33,76;2480,78;DISTRICT_BLAZON_14.png;2008;20080101
AT1;91500;70291;34659;35632;431;416;847;275;333;608;3,92;17931,38;DISTRICT_BLAZON_15.png;2008;20080101
AT1;91600;94193;45554;48639;572;563;1135;384;445;829;8,67;10864,24;DISTRICT_BLAZON_16.png;2008;20080101
AT1;91700;52414;25281;27133;325;275;600;197;239;436;11,39;4601,76;DISTRICT_BLAZON_17.png;2008;20080101
AT1;91800;47478;21982;25496;267;242;509;177;278;455;6,35;7476,85;DISTRICT_BLAZON_18.png;2008;20080101
AT1;91900;67961;30763;37198;302;308;610;355;520;875;24,94;2724,98;DISTRICT_BLAZON_19.png;2008;20080101
AT1;92000;81648;39861;41787;507;450;957;342;353;695;5,71;14299,12;DISTRICT_BLAZON_20.png;2008;20080101
AT1;92100;138678;66249;72429;664;600;1264;607;611;1218;44,44;3120,57;DISTRICT_BLAZON_21.png;2008;20080101
AT1;92200;150967;72197;78770;780;705;1485;567;626;1193;102,3;1475,73;DISTRICT_BLAZON_22.png;2008;20080101
AT1;92300;91192;42640;48552;450;386;836;365;510;875;32,07;2843,53;DISTRICT_BLAZON_23.png;2008;20080101
AT1;90100;16623;8000;8623;80;69;149;101;93;194;2,87;5791,99;DISTRICT_BLAZON_1.png;2009;20090101
AT1;90200;93822;46206;47616;555;457;1012;426;524;950;19,24;4876,4;DISTRICT_BLAZON_2.png;2009;20090101
AT1;90300;82979;39171;43808;444;415;859;385;444;829;7,4;11213,38;DISTRICT_BLAZON_3.png;2009;20090101
AT1;90400;30348;14259;16089;147;145;292;141;174;315;1,78;17049,44;DISTRICT_BLAZON_4.png;2009;20090101
AT1;90500;52288;25376;26912;304;274;578;199;243;442;2,01;26013,93;DISTRICT_BLAZON_5.png;2009;20090101
AT1;90600;29197;13997;15200;157;118;275;120;168;288;1,46;19997,95;DISTRICT_BLAZON_6.png;2009;20090101
AT1;90700;29878;14067;15811;147;152;299;96;164;260;1,61;18557,76;DISTRICT_BLAZON_7.png;2009;20090101
AT1;90800;23639;11368;12271;111;100;211;80;109;189;1,09;21687,16;DISTRICT_BLAZON_8.png;2009;20090101
AT1;90900;39167;18522;20645;180;157;337;129;228;357;2,97;13187,54;DISTRICT_BLAZON_9.png;2009;20090101
AT1;91000;173227;83691;89536;1015;938;1953;837;885;1722;31,82;5443,97;DISTRICT_BLAZON_10.png;2009;20090101
AT1;91100;87966;42890;45076;523;457;980;334;362;696;23,26;3781,86;DISTRICT_BLAZON_11.png;2009;20090101
AT1;91200;86950;41636;45314;514;471;985;415;497;912;8,1;10734,57;DISTRICT_BLAZON_12.png;2009;20090101
AT1;91300;50981;22955;28026;200;242;442;312;464;776;37,72;1351,56;DISTRICT_BLAZON_13.png;2009;20090101
AT1;91400;83980;39571;44409;439;370;809;394;513;907;33,76;2487,56;DISTRICT_BLAZON_14.png;2009;20090101
AT1;91500;70600;34739;35861;425;395;820;304;337;641;3,92;18010,2;DISTRICT_BLAZON_15.png;2009;20090101
AT1;91600;94526;45774;48752;564;541;1105;418;495;913;8,67;10902,65;DISTRICT_BLAZON_16.png;2009;20090101
AT1;91700;52253;25258;26995;311;265;576;192;223;415;11,39;4587,62;DISTRICT_BLAZON_17.png;2009;20090101
AT1;91800;47619;22093;25526;271;254;525;202;243;445;6,35;7499,06;DISTRICT_BLAZON_18.png;2009;20090101
AT1;91900;67837;30814;37023;297;275;572;345;560;905;24,94;2720,01;DISTRICT_BLAZON_19.png;2009;20090101
AT1;92000;81986;40051;41935;516;484;1000;366;401;767;5,71;14358,32;DISTRICT_BLAZON_20.png;2009;20090101
AT1;92100;139498;66687;72811;646;605;1251;672;639;1311;44,44;3139,02;DISTRICT_BLAZON_21.png;2009;20090101
AT1;92200;153148;73333;79815;688;673;1361;569;621;1190;102,3;1497,05;DISTRICT_BLAZON_22.png;2009;20090101
AT1;92300;91623;42879;48744;380;383;763;393;515;908;32,07;2856,97;DISTRICT_BLAZON_23.png;2009;20090101
AT1;90100;16525;7926;8599;73;73;146;98;90;188;2,87;5757,84;DISTRICT_BLAZON_1.png;2010;20100101
AT1;90200;94735;46633;48102;602;565;1167;433;503;936;19,24;4923,86;DISTRICT_BLAZON_2.png;2010;20100101
AT1;90300;83061;39292;43769;461;425;886;379;418;797;7,4;11224,46;DISTRICT_BLAZON_3.png;2010;20100101
AT1;90400;30331;14246;16085;144;173;317;126;183;309;1,78;17039,89;DISTRICT_BLAZON_4.png;2010;20100101
AT1;90500;52354;25394;26960;334;265;599;193;249;442;2,01;26046,77;DISTRICT_BLAZON_5.png;2010;20100101
AT1;90600;29323;14132;15191;152;137;289;113;158;271;1,46;20084,25;DISTRICT_BLAZON_6.png;2010;20100101
AT1;90700;30069;14234;15835;128;165;293;107;146;253;1,61;18676,4;DISTRICT_BLAZON_7.png;2010;20100101
AT1;90800;23435;11351;12084;108;102;210;88;101;189;1,09;21500;DISTRICT_BLAZON_8.png;2010;20100101
AT1;90900;39344;18663;20681;201;178;379;153;224;377;2,97;13247,14;DISTRICT_BLAZON_9.png;2010;20100101
AT1;91000;174749;84463;90286;1081;1026;2107;800;943;1743;31,82;5491,8;DISTRICT_BLAZON_10.png;2010;20100101
AT1;91100;89461;43592;45869;559;501;1060;371;375;746;23,26;3846,13;DISTRICT_BLAZON_11.png;2010;20100101
AT1;91200;87462;41895;45567;502;473;975;462;494;956;8,1;10797,78;DISTRICT_BLAZON_12.png;2010;20100101
AT1;91300;51015;23051;27964;224;212;436;314;453;767;37,72;1352,47;DISTRICT_BLAZON_13.png;2010;20100101
AT1;91400;84090;39734;44356;428;393;821;397;475;872;33,76;2490,82;DISTRICT_BLAZON_14.png;2010;20100101
AT1;91500;70830;34871;35959;452;403;855;282;314;596;3,92;18068,88;DISTRICT_BLAZON_15.png;2010;20100101
AT1;91600;94816;45980;48836;559;561;1120;414;466;880;8,67;10936,1;DISTRICT_BLAZON_16.png;2010;20100101
AT1;91700;52328;25238;27090;308;268;576;205;267;472;11,39;4594,21;DISTRICT_BLAZON_17.png;2010;20100101
AT1;91800;47693;22056;25637;261;234;495;184;275;459;6,35;7510,71;DISTRICT_BLAZON_18.png;2010;20100101
AT1;91900;67865;30953;36912;275;307;582;339;546;885;24,94;2721,13;DISTRICT_BLAZON_19.png;2010;20100101
AT1;92000;82083;40092;41991;558;463;1021;349;390;739;5,71;14375,31;DISTRICT_BLAZON_20.png;2010;20100101
AT1;92100;140647;67201;73446;692;667;1359;667;659;1326;44,44;3164,87;DISTRICT_BLAZON_21.png;2010;20100101
AT1;92200;155527;74455;81072;741;722;1463;587;642;1229;102,3;1520,3;DISTRICT_BLAZON_22.png;2010;20100101
AT1;92300;92252;43229;49023;437;396;833;382;473;855;32,07;2876,58;DISTRICT_BLAZON_23.png;2010;20100101
AT1;90100;16385;7835;8550;74;73;147;97;94;191;2,87;5709,06;DISTRICT_BLAZON_1.png;2011;20110101
AT1;90200;95302;46797;48505;576;540;1116;411;503;914;19,24;4953,33;DISTRICT_BLAZON_2.png;2011;20110101
AT1;90300;83955;39765;44190;453;396;849;326;415;741;7,4;11345,27;DISTRICT_BLAZON_3.png;2011;20110101
AT1;90400;30541;14335;16206;153;159;312;116;159;275;1,78;17157,87;DISTRICT_BLAZON_4.png;2011;20110101
AT1;90500;52753;25774;26979;346;311;657;210;230;440;2,01;26245,27;DISTRICT_BLAZON_5.png;2011;20110101
AT1;90600;29308;14075;15233;155;133;288;118;136;254;1,46;20073,97;DISTRICT_BLAZON_6.png;2011;20110101
AT1;90700;30062;14175;15887;161;149;310;84;129;213;1,61;18672,05;DISTRICT_BLAZON_7.png;2011;20110101
AT1;90800;23379;11302;12077;104;102;206;86;71;157;1,09;21448,62;DISTRICT_BLAZON_8.png;2011;20110101
AT1;90900;39315;18642;20673;198;209;407;137;213;350;2,97;13237,37;DISTRICT_BLAZON_9.png;2011;20110101
AT1;91000;176558;85504;91054;1054;991;2045;827;860;1687;31,82;5548,65;DISTRICT_BLAZON_10.png;2011;20110101
AT1;91100;90394;44071;46323;510;530;1040;357;342;699;23,26;3886,24;DISTRICT_BLAZON_11.png;2011;20110101
AT1;91200;88023;42163;45860;506;485;991;409;520;929;8,1;10867,04;DISTRICT_BLAZON_12.png;2011;20110101
AT1;91300;50966;23074;27892;248;195;443;315;462;777;37,72;1351,17;DISTRICT_BLAZON_13.png;2011;20110101
AT1;91400;84566;40007;44559;438;376;814;420;519;939;33,76;2504,92;DISTRICT_BLAZON_14.png;2011;20110101
AT1;91500;71491;35303;36188;449;437;886;313;337;650;3,92;18237,5;DISTRICT_BLAZON_15.png;2011;20110101
AT1;91600;94951;46068;48883;592;521;1113;399;428;827;8,67;10951,67;DISTRICT_BLAZON_16.png;2011;20110101
AT1;91700;52293;25255;27038;318;301;619;185;222;407;11,39;4591,13;DISTRICT_BLAZON_17.png;2011;20110101
AT1;91800;47575;21966;25609;272;261;533;176;252;428;6,35;7492,13;DISTRICT_BLAZON_18.png;2011;20110101
AT1;91900;68079;31121;36958;321;305;626;327;518;845;24,94;2729,71;DISTRICT_BLAZON_19.png;2011;20110101
AT1;92000;82969;40624;42345;540;496;1036;342;371;713;5,71;14530,47;DISTRICT_BLAZON_20.png;2011;20110101
AT1;92100;142199;67981;74218;669;675;1344;651;728;1379;44,44;3199,8;DISTRICT_BLAZON_21.png;2011;20110101
AT1;92200;158417;75889;82528;794;751;1545;609;624;1233;102,3;1548,55;DISTRICT_BLAZON_22.png;2011;20110101
AT1;92300;93374;43760;49614;451;392;843;393;477;870;32,07;2911,57;DISTRICT_BLAZON_23.png;2011;20110101
AT1;90100;16290;7799;8491;68;60;128;78;94;172;2,87;5675,96;DISTRICT_BLAZON_1.png;2012;20120101
AT1;90200;96582;47534;49048;617;520;1137;441;551;992;19,24;5019,85;DISTRICT_BLAZON_2.png;2012;20120101
AT1;90300;84574;40162;44412;491;436;927;366;429;795;7,4;11428,92;DISTRICT_BLAZON_3.png;2012;20120101
AT1;90400;30724;14464;16260;146;148;294;116;164;280;1,78;17260,67;DISTRICT_BLAZON_4.png;2012;20120101
AT1;90500;52581;25684;26897;288;273;561;207;212;419;2,01;26159,7;DISTRICT_BLAZON_5.png;2012;20120101
AT1;90600;29388;14091;15297;156;131;287;108;172;280;1,46;20128,77;DISTRICT_BLAZON_6.png;2012;20120101
AT1;90700;30101;14226;15875;174;136;310;101;136;237;1,61;18696,27;DISTRICT_BLAZON_7.png;2012;20120101
AT1;90800;23560;11387;12173;103;113;216;72;107;179;1,09;21614,68;DISTRICT_BLAZON_8.png;2012;20120101
AT1;90900;39431;18720;20711;224;187;411;156;202;358;2,97;13276,43;DISTRICT_BLAZON_9.png;2012;20120101
AT1;91000;178358;86499;91859;1104;1049;2153;860;948;1808;31,82;5605,22;DISTRICT_BLAZON_10.png;2012;20120101
AT1;91100;91223;44451;46772;560;488;1048;367;399;766;23,26;3921,88;DISTRICT_BLAZON_11.png;2012;20120101
AT1;91200;88515;42363;46152;517;515;1032;400;525;925;8,1;10927,78;DISTRICT_BLAZON_12.png;2012;20120101
AT1;91300;50650;22978;27672;219;229;448;305;425;730;37,72;1342,79;DISTRICT_BLAZON_13.png;2012;20120101
AT1;91400;84973;40304;44669;465;376;841;390;496;886;33,76;2516,97;DISTRICT_BLAZON_14.png;2012;20120101
AT1;91500;71651;35429;36222;418;369;787;306;306;612;3,92;18278,32;DISTRICT_BLAZON_15.png;2012;20120101
AT1;91600;95704;46623;49081;552;552;1104;384;441;825;8,67;11038,52;DISTRICT_BLAZON_16.png;2012;20120101
AT1;91700;52647;25414;27233;284;270;554;209;229;438;11,39;4622,21;DISTRICT_BLAZON_17.png;2012;20120101
AT1;91800;47632;21930;25702;273;243;516;229;272;501;6,35;7501,1;DISTRICT_BLAZON_18.png;2012;20120101
AT1;91900;68460;31405;37055;329;296;625;347;564;911;24,94;2744,99;DISTRICT_BLAZON_19.png;2012;20120101
AT1;92000;83351;40802;42549;519;470;989;374;378;752;5,71;14597,37;DISTRICT_BLAZON_20.png;2012;20120101
AT1;92100;144263;69099;75164;781;639;1420;641;688;1329;44,44;3246,24;DISTRICT_BLAZON_21.png;2012;20120101
AT1;92200;161957;77612;84345;841;767;1608;602;662;1264;102,3;1583,16;DISTRICT_BLAZON_22.png;2012;20120101
AT1;92300;94469;44357;50112;437;432;869;397;548;945;32,07;2945,71;DISTRICT_BLAZON_23.png;2012;20120101
AT1;90100;16268;7784;8484;90;61;151;91;99;190;2,87;5668,29;DISTRICT_BLAZON_1.png;2013;20130101
AT1;90200;96866;47189;49677;603;572;1175;401;550;951;19,24;5034,62;DISTRICT_BLAZON_2.png;2013;20130101
AT1;90300;85508;40482;45026;490;389;879;354;436;790;7,4;11555,14;DISTRICT_BLAZON_3.png;2013;20130101
AT1;90400;30989;14584;16405;171;138;309;113;164;277;1,78;17409,55;DISTRICT_BLAZON_4.png;2013;20130101
AT1;90500;53071;25989;27082;305;300;605;208;227;435;2,01;26403,48;DISTRICT_BLAZON_5.png;2013;20130101
AT1;90600;30117;14534;15583;155;143;298;116;180;296;1,46;20628,08;DISTRICT_BLAZON_6.png;2013;20130101
AT1;90700;30309;14393;15916;163;133;296;117;123;240;1,61;18825,47;DISTRICT_BLAZON_7.png;2013;20130101
AT1;90800;23930;11631;12299;111;105;216;75;110;185;1,09;21954,13;DISTRICT_BLAZON_8.png;2013;20130101
AT1;90900;39968;19018;20950;190;210;400;142;170;312;2,97;13457,24;DISTRICT_BLAZON_9.png;2013;20130101
AT1;91000;182595;89401;93194;1154;997;2151;842;898;1740;31,82;5738,37;DISTRICT_BLAZON_10.png;2013;20130101
AT1;91100;92274;44930;47344;546;526;1072;416;437;853;23,26;3967,07;DISTRICT_BLAZON_11.png;2013;20130101
AT1;91200;89616;42972;46644;548;482;1030;432;544;976;8,1;11063,7;DISTRICT_BLAZON_12.png;2013;20130101
AT1;91300;50831;23173;27658;264;209;473;291;419;710;37,72;1347,59;DISTRICT_BLAZON_13.png;2013;20130101
AT1;91400;86248;41039;45209;474;466;940;406;492;898;33,76;2554,74;DISTRICT_BLAZON_14.png;2013;20130101
AT1;91500;73527;36356;37171;478;431;909;265;292;557;3,92;18756,89;DISTRICT_BLAZON_15.png;2013;20130101
AT1;91600;97565;47645;49920;608;560;1168;408;468;876;8,67;11253,17;DISTRICT_BLAZON_16.png;2013;20130101
AT1;91700;53489;25924;27565;321;292;613;199;213;412;11,39;4696,14;DISTRICT_BLAZON_17.png;2013;20130101
AT1;91800;48162;22164;25998;269;247;516;201;260;461;6,35;7584,57;DISTRICT_BLAZON_18.png;2013;20130101
AT1;91900;68892;31669;37223;327;294;621;375;542;917;24,94;2762,31;DISTRICT_BLAZON_19.png;2013;20130101
AT1;92000;83977;41107;42870;542;458;1000;404;357;761;5,71;14707,01;DISTRICT_BLAZON_20.png;2013;20130101
AT1;92100;146516;70250;76266;777;665;1442;638;653;1291;44,44;3296,94;DISTRICT_BLAZON_21.png;2013;20130101
AT1;92200;165265;79115;86150;842;739;1581;627;632;1259;102,3;1615,49;DISTRICT_BLAZON_22.png;2013;20130101
AT1;92300;95263;44767;50496;437;409;846;400;545;945;32,07;2970,47;DISTRICT_BLAZON_23.png;2013;20130101
AT1;90100;16131;7726;8405;69;74;143;109;80;189;2,87;5620,56;DISTRICT_BLAZON_1.png;2014;20140101
AT1;90200;99597;48650;50947;650;594;1244;432;490;922;19,24;5176,56;DISTRICT_BLAZON_2.png;2014;20140101
AT1;90300;86454;41085;45369;457;488;945;375;378;753;7,4;11682,97;DISTRICT_BLAZON_3.png;2014;20140101
AT1;90400;31452;14903;16549;156;139;295;119;164;283;1,78;17669,66;DISTRICT_BLAZON_4.png;2014;20140101
AT1;90500;53610;26299;27311;267;278;545;172;262;434;2,01;26671,64;DISTRICT_BLAZON_5.png;2014;20140101
AT1;90600;30613;14833;15780;151;158;309;117;150;267;1,46;20967,81;DISTRICT_BLAZON_6.png;2014;20140101
AT1;90700;30792;14703;16089;161;143;304;105;145;250;1,61;19125,47;DISTRICT_BLAZON_7.png;2014;20140101
AT1;90800;24279;11855;12424;117;103;220;76;101;177;1,09;22274,31;DISTRICT_BLAZON_8.png;2014;20140101
AT1;90900;40528;19286;21242;199;221;420;122;188;310;2,97;13645,79;DISTRICT_BLAZON_9.png;2014;20140101
AT1;91000;186450;91638;94812;1197;1123;2320;813;912;1725;31,82;5859,52;DISTRICT_BLAZON_10.png;2014;20140101
AT1;91100;93440;45541;47899;599;510;1109;370;401;771;23,26;4017,2;DISTRICT_BLAZON_11.png;2014;20140101
AT1;91200;90874;43752;47122;557;499;1056;431;512;943;8,1;11219,01;DISTRICT_BLAZON_12.png;2014;20140101
AT1;91300;51275;23505;27770;248;213;461;277;385;662;37,72;1359,36;DISTRICT_BLAZON_13.png;2014;20140101
AT1;91400;87597;41727;45870;470;436;906;386;463;849;33,76;2594,7;DISTRICT_BLAZON_14.png;2014;20140101
AT1;91500;74791;37220;37571;423;431;854;261;277;538;3,92;19079,34;DISTRICT_BLAZON_15.png;2014;20140101
AT1;91600;99094;48451;50643;623;557;1180;391;445;836;8,67;11429,53;DISTRICT_BLAZON_16.png;2014;20140101
AT1;91700;54422;26528;27894;342;271;613;209;210;419;11,39;4778,05;DISTRICT_BLAZON_17.png;2014;20140101
AT1;91800;48365;22208;26157;305;256;561;163;251;414;6,35;7616,54;DISTRICT_BLAZON_18.png;2014;20140101
AT1;91900;69242;31849;37393;310;311;621;356;525;881;24,94;2776,34;DISTRICT_BLAZON_19.png;2014;20140101
AT1;92000;84305;41200;43105;562;503;1065;419;391;810;5,71;14764,45;DISTRICT_BLAZON_20.png;2014;20140101
AT1;92100;148947;71633;77314;766;693;1459;649;625;1274;44,44;3351,64;DISTRICT_BLAZON_21.png;2014;20140101
AT1;92200;168394;80684;87710;867;836;1703;665;641;1306;102,3;1646,08;DISTRICT_BLAZON_22.png;2014;20140101
AT1;92300;96094;45320;50774;497;430;927;419;582;1001;32,07;2996,38;DISTRICT_BLAZON_23.png;2014;20140101
AT1;90100;16339;7789;8550;68;58;126;74;91;165;2,87;5693,03;DISTRICT_BLAZON_1.png;2015;20150101
AT1;90200;101702;49928;51774;669;615;1284;446;493;939;19,24;5285,97;DISTRICT_BLAZON_2.png;2015;20150101
AT1;90300;88125;42001;46124;480;437;917;367;409;776;7,4;11908,78;DISTRICT_BLAZON_3.png;2015;20150101
AT1;90400;31691;15076;16615;153;143;296;123;147;270;1,78;17803,93;DISTRICT_BLAZON_4.png;2015;20150101
AT1;90500;54246;26653;27593;331;334;665;195;240;435;2,01;26988,06;DISTRICT_BLAZON_5.png;2015;20150101
AT1;90600;31000;15061;15939;129;143;272;125;164;289;1,46;21232,88;DISTRICT_BLAZON_6.png;2015;20150101
AT1;90700;31291;14987;16304;194;174;368;98;135;233;1,61;19435,4;DISTRICT_BLAZON_7.png;2015;20150101
AT1;90800;24518;12066;12452;113;108;221;77;86;163;1,09;22493,58;DISTRICT_BLAZON_8.png;2015;20150101
AT1;90900;40882;19492;21390;214;211;425;156;200;356;2,97;13764,98;DISTRICT_BLAZON_9.png;2015;20150101
AT1;91000;189713;93274;96439;1174;1103;2277;892;905;1797;31,82;5962,07;DISTRICT_BLAZON_10.png;2015;20150101
AT1;91100;95198;46570;48628;569;543;1112;441;424;865;23,26;4092,78;DISTRICT_BLAZON_11.png;2015;20150101
AT1;91200;92229;44580;47649;576;560;1136;415;516;931;8,1;11386,3;DISTRICT_BLAZON_12.png;2015;20150101
AT1;91300;52115;23969;28146;255;218;473;282;369;651;37,72;1381,63;DISTRICT_BLAZON_13.png;2015;20150101
AT1;91400;89303;42745;46558;547;460;1007;416;483;899;33,76;2645,23;DISTRICT_BLAZON_14.png;2015;20150101
AT1;91500;76320;38060;38260;496;458;954;272;305;577;3,92;19469,39;DISTRICT_BLAZON_15.png;2015;20150101
AT1;91600;100738;49544;51194;609;583;1192;373;428;801;8,67;11619,15;DISTRICT_BLAZON_16.png;2015;20150101
AT1;91700;55628;27187;28441;305;343;648;228;215;443;11,39;4883,93;DISTRICT_BLAZON_17.png;2015;20150101
AT1;91800;49178;22697;26481;264;259;523;200;230;430;6,35;7744,57;DISTRICT_BLAZON_18.png;2015;20150101
AT1;91900;69999;32386;37613;373;337;710;371;536;907;24,94;2806,7;DISTRICT_BLAZON_19.png;2015;20150101
AT1;92000;85525;42012;43513;533;529;1062;405;368;773;5,71;14978,11;DISTRICT_BLAZON_20.png;2015;20150101
AT1;92100;151844;73009;78835;786;753;1539;706;699;1405;44,44;3416,83;DISTRICT_BLAZON_21.png;2015;20150101
AT1;92200;172978;82782;90196;984;891;1875;648;735;1383;102,3;1690,89;DISTRICT_BLAZON_22.png;2015;20150101
AT1;92300;96775;45765;51010;453;396;849;471;567;1038;32,07;3017,62;DISTRICT_BLAZON_23.png;2015;20150101
AT1;90100;16411;7861;8550;54;64;118;66;87;153;2,87;5718,12;DISTRICT_BLAZON_1.png;2016;20160101
AT1;90200;103225;50767;52458;684;608;1292;429;480;909;19,24;5365,12;DISTRICT_BLAZON_2.png;2016;20160101
AT1;90300;89806;43309;46497;494;476;970;345;461;806;7,4;12135,95;DISTRICT_BLAZON_3.png;2016;20160101
AT1;90400;32751;15823;16928;148;173;321;123;136;259;1,78;18399,44;DISTRICT_BLAZON_4.png;2016;20160101
AT1;90500;54938;27133;27805;306;325;631;190;221;411;2,01;27332,34;DISTRICT_BLAZON_5.png;2016;20160101
AT1;90600;31620;15417;16203;165;153;318;104;129;233;1,46;21657,53;DISTRICT_BLAZON_6.png;2016;20160101
AT1;90700;32020;15504;16516;182;141;323;100;131;231;1,61;19888,2;DISTRICT_BLAZON_7.png;2016;20160101
AT1;90800;25054;12420;12634;139;100;239;95;89;184;1,09;22985,32;DISTRICT_BLAZON_8.png;2016;20160101
AT1;90900;43095;20913;22182;222;215;437;142;159;301;2,97;14510,1;DISTRICT_BLAZON_9.png;2016;20160101
AT1;91000;194746;96322;98424;1323;1229;2552;861;869;1730;31,82;6120,24;DISTRICT_BLAZON_10.png;2016;20160101
AT1;91100;97342;47657;49685;640;583;1223;413;449;862;23,26;4184,95;DISTRICT_BLAZON_11.png;2016;20160101
AT1;91200;94170;45858;48312;582;566;1148;405;505;910;8,1;11625,93;DISTRICT_BLAZON_12.png;2016;20160101
AT1;91300;53813;25169;28644;261;245;506;260;346;606;37,72;1426,64;DISTRICT_BLAZON_13.png;2016;20160101
AT1;91400;91596;44180;47416;540;436;976;385;472;857;33,76;2713,15;DISTRICT_BLAZON_14.png;2016;20160101
AT1;91500;78349;39377;38972;508;481;989;278;325;603;3,92;19986,99;DISTRICT_BLAZON_15.png;2016;20160101
AT1;91600;102605;50592;52013;636;629;1265;376;414;790;8,67;11834,49;DISTRICT_BLAZON_16.png;2016;20160101
AT1;91700;56329;27638;28691;320;320;640;206;191;397;11,39;4945,48;DISTRICT_BLAZON_17.png;2016;20160101
AT1;91800;50283;23313;26970;291;263;554;183;243;426;6,35;7918,58;DISTRICT_BLAZON_18.png;2016;20160101
AT1;91900;71609;33215;38394;356;344;700;348;531;879;24,94;2871,25;DISTRICT_BLAZON_19.png;2016;20160101
AT1;92000;85815;42246;43569;556;531;1087;348;392;740;5,71;15028,9;DISTRICT_BLAZON_20.png;2016;20160101
AT1;92100;155986;75318;80668;814;855;1669;677;691;1368;44,44;3510,04;DISTRICT_BLAZON_21.png;2016;20160101
AT1;92200;180272;86386;93886;919;948;1867;654;707;1361;102,3;1762,19;DISTRICT_BLAZON_22.png;2016;20160101
AT1;92300;98391;46667;51724;498;481;979;438;577;1015;32,07;3068,01;DISTRICT_BLAZON_23.png;2016;20160101
AT1;90100;16465;7903;8562;67;60;127;87;87;174;2,87;5736,93;DISTRICT_BLAZON_1.png;2017;20170101
AT1;90200;105003;51921;53082;622;619;1241;423;514;937;19,24;5457,54;DISTRICT_BLAZON_2.png;2017;20170101
AT1;90300;90183;43493;46690;480;441;921;339;430;769;7,4;12186,89;DISTRICT_BLAZON_3.png;2017;20170101
AT1;90400;33035;16041;16994;147;151;298;103;156;259;1,78;18558,99;DISTRICT_BLAZON_4.png;2017;20170101
AT1;90500;55356;27428;27928;304;309;613;207;212;419;2,01;27540,3;DISTRICT_BLAZON_5.png;2017;20170101
AT1;90600;31865;15518;16347;144;139;283;135;150;285;1,46;21825,34;DISTRICT_BLAZON_6.png;2017;20170101
AT1;90700;32197;15624;16573;159;150;309;77;117;194;1,61;19998,14;DISTRICT_BLAZON_7.png;2017;20170101
AT1;90800;25528;12745;12783;115;109;224;69;80;149;1,09;23420,18;DISTRICT_BLAZON_8.png;2017;20170101
AT1;90900;42709;20546;22163;209;172;381;134;198;332;2,97;14380,13;DISTRICT_BLAZON_9.png;2017;20170101
AT1;91000;198083;98444;99639;1261;1171;2432;854;1003;1857;31,82;6225,11;DISTRICT_BLAZON_10.png;2017;20170101
AT1;91100;100137;49027;51110;665;602;1267;404;414;818;23,26;4305,12;DISTRICT_BLAZON_11.png;2017;20170101
AT1;91200;95955;46988;48967;559;536;1095;430;507;937;8,1;11846,3;DISTRICT_BLAZON_12.png;2017;20170101
AT1;91300;54171;25476;28695;260;240;500;246;391;637;37,72;1436,13;DISTRICT_BLAZON_13.png;2017;20170101
AT1;91400;92337;44735;47602;509;479;988;404;455;859;33,76;2735,1;DISTRICT_BLAZON_14.png;2017;20170101
AT1;91500;78999;39934;39065;488;467;955;318;352;670;3,92;20152,81;DISTRICT_BLAZON_15.png;2017;20170101
AT1;91600;104323;51588;52735;666;590;1256;412;402;814;8,67;12032,64;DISTRICT_BLAZON_16.png;2017;20170101
AT1;91700;57180;28153;29027;372;305;677;205;208;413;11,39;5020,19;DISTRICT_BLAZON_17.png;2017;20170101
AT1;91800;51128;23820;27308;290;278;568;199;230;429;6,35;8051,65;DISTRICT_BLAZON_18.png;2017;20170101
AT1;91900;72107;33619;38488;333;333;666;362;523;885;24,94;2891,22;DISTRICT_BLAZON_19.png;2017;20170101
AT1;92000;86868;42952;43916;567;499;1066;322;404;726;5,71;15213,31;DISTRICT_BLAZON_20.png;2017;20170101
AT1;92100;158712;76802;81910;936;885;1821;679;689;1368;44,44;3571,38;DISTRICT_BLAZON_21.png;2017;20170101
AT1;92200;184188;88259;95929;953;923;1876;705;741;1446;102,3;1800,47;DISTRICT_BLAZON_22.png;2017;20170101
AT1;92300;101053;48108;52945;487;525;1012;474;573;1047;32,07;3151,01;DISTRICT_BLAZON_23.png;2017;20170101
